Feature number,AUC
1.00000,0.89312
2.00000,0.89445
3.00000,0.90127
4.00000,0.91104
6.00000,0.91028
7.00000,0.91919
8.00000,0.92744
