Feature number,AUC
1.00000,0.56082
2.00000,0.61956
3.00000,0.68351
5.00000,0.68243
6.00000,0.67381
9.00000,0.71395
12.00000,0.68852
