Feature number,AUC
1.00000,0.57071
2.00000,0.67468
3.00000,0.71177
9.00000,0.72989
