Feature number,AUC
1.00000,0.67176
2.00000,0.75786
3.00000,0.76271
6.00000,0.76634
