Feature number,AUC
1.00000,0.61312
2.00000,0.80757
