Feature number,AUC
1.00000,0.60495
2.00000,0.78768
5.00000,0.77214
6.00000,0.75201
10.00000,0.76329
