Feature number,AUC
1.00000,0.74920
18.00000,0.75869
19.00000,0.76062
22.00000,0.79097
24.00000,0.80184
