Feature number,AUC
1.00000,0.75180
2.00000,0.80222
5.00000,0.82129
10.00000,0.82761
11.00000,0.83339
