Feature number,AUC
1.00000,0.70537
2.00000,0.80222
5.00000,0.82129
6.00000,0.81174
9.00000,0.81329
10.00000,0.81712
11.00000,0.83339
