Feature number,AUC
1.00000,0.61086
2.00000,0.74514
5.00000,0.77983
7.00000,0.77061
26.00000,0.77227
34.00000,0.75384
41.00000,0.77355
