Feature number,AUC
1.00000,0.61086
2.00000,0.74514
5.00000,0.77983
