Feature number,AUC
1.00000,0.67095
2.00000,0.75610
3.00000,0.80749
30.00000,0.80945
