Feature number,AUC
1.00000,0.62443
2.00000,0.65751
3.00000,0.75177
4.00000,0.74689
5.00000,0.71099
7.00000,0.86081
8.00000,0.70366
10.00000,0.72747
