Feature number,AUC
1.00000,0.69158
2.00000,0.70696
3.00000,0.81319
7.00000,0.86081
