Feature number,AUC
1.00000,0.89394
2.00000,0.93939
