Feature number,AUC
1.00000,0.85682
2.00000,0.91035
3.00000,0.93939
