MOFESP,MOFESS
CM1,14.79900,43.08900
MW1,4.98900,19.77500
PC1,30.60300,121.32700
PC3,66.47800,255.43500
PC4,88.54700,355.00800
