MOFESP,MOFESS
CM1,14.69400,45.53800
MW1,5.35300,20.64900
PC1,32.44500,126.42200
PC3,67.22700,262.40200
PC4,93.98700,357.97500
