Feature number,AUC
1.00000,0.57541
2.00000,0.57967
3.00000,0.61557
4.00000,0.71061
