Feature number,AUC
1.00000,0.65998
2.00000,0.69832
3.00000,0.69471
4.00000,0.66526
5.00000,0.65925
6.00000,0.68470
8.00000,0.68209
