Feature number,AUC
1.00000,0.67969
2.00000,0.69832
8.00000,0.70012
