Feature number,AUC
1.00000,0.68879
2.00000,0.74181
3.00000,0.74741
4.00000,0.80388
6.00000,0.86940
