Feature number,AUC
1.00000,0.81215
2.00000,0.83844
4.00000,0.85283
5.00000,0.85554
