Feature number,AUC
1.00000,0.75639
2.00000,0.83058
4.00000,0.85283
5.00000,0.85554
6.00000,0.83113
7.00000,0.84340
8.00000,0.85425
11.00000,0.81179
