Feature number,AUC
1.00000,0.61735
2.00000,0.68573
3.00000,0.75570
6.00000,0.78629
