Feature number,AUC
1.00000,0.60776
2.00000,0.67007
3.00000,0.74390
6.00000,0.77929
7.00000,0.75435
8.00000,0.74790
