Feature number,AUC
1.00000,0.65453
2.00000,0.69923
11.00000,0.70964
22.00000,0.71437
24.00000,0.72447
26.00000,0.73011
27.00000,0.75408
