Feature number,AUC
1.00000,0.71615
2.00000,0.74451
6.00000,0.78095
8.00000,0.83102
23.00000,0.83142
24.00000,0.83220
27.00000,0.83798
32.00000,0.84631
36.00000,0.85278
