Feature number,AUC
1.00000,0.71346
2.00000,0.77251
3.00000,0.75041
4.00000,0.74202
5.00000,0.78845
6.00000,0.76355
7.00000,0.80505
8.00000,0.79228
13.00000,0.76218
