Feature number,AUC
1.00000,0.73016
2.00000,0.78790
5.00000,0.78845
7.00000,0.85030
