GFS,GBS,SOFS,Full,MOFES
7.36700,19.99200,101.54700,0.00000,87.78900
2.24400,3.88400,31.77900,0.00000,25.71900
26.38000,75.77700,385.95000,0.00000,339.02200
